PMID,Title,Authors
24273611,Role of Epidermal Growth Factor-Triggered PI3K/Akt Signaling in the Migration of Medulloblastoma-Derived Cells.,"Dudu V, Able RA Jr, Rotari V, Kong Q, Vazquez M"
23864912,Update on molecular and genetic alterations in adult medulloblastoma.,"Kool M, Korshunov A, Pfister SM"
23691470,Adult medulloblastoma associated with syringomyelia: a case report.,Wang CC
23430850,Onset of adreno-leukodystrophy after medulloblastoma therapy: causal connection or coincidence?,"Deib G, Poretti A, Meoded A, Cohen KJ, Raymond GV, Abromowitch M, Huisman TA"
23379186,[Comparative assessment of molecular abberation in medulloblastomas].,"Ryzhova MV, Shishkina LV"
23355800,"Medulloblastoma or not? Crucial role in tumorigenesis of the timing of migration of cerebellar granule precursor cells, regulated by Nos2 and Tis21.","Farioli-Vecchioli S, Micheli L, Leonardi L, Ceccarelli M, Cavallaro S, Tirone F"
23330355,Medulloblastoma: molecular classifications and prognostic associations.,"Shrieve DC, Colman H"
23330354,A tale of two tumors: pediatric and adult medulloblastoma.,"Aizer AA, Chan AW"
23330353,"Adult medulloblastoma, from spongioblastoma cerebelli to the present day: a review of treatment and the integration of molecular markers.","Shonka N, Brandes A, De Groot JF"
23324231,[Clinicopathologic significance of beta-catenin protein and loss of heterozygosity on 10q in medulloblastoma].,"Li JZ, Wang CH, Zhou FA, Miao N, Abulajang G, Zhang W"
23323155,Microscopic Delineation of Medulloblastoma Margins in a Transgenic Mouse Model Using a Topically Applied VEGFR-1 Probe.,"Wang D, Chen Y, Leigh SY, Haeberle H, Contag CH, Liu JT"
23319193,Toll-like receptors as an innate immunity bridge to neuroinflammation in medulloblastoma.,"Maslinska D, Laure-Kamionowska M, Maslinska S"
23316474,Radiation therapy quality in CCG/POG intergroup 9961: implications for craniospinal irradiation and the posterior fossa boost in future medulloblastoma trials.,"Donahue B, Marymont MA, Kessel S, Iandoli MK, Fitzgerald T, Holmes E, Kocak M, Boyett JM, Gajjar A, Packer RJ"
23285547,A visual latent semantic approach for automatic analysis and interpretation of anaplastic medulloblastoma virtual slides.,"Cruz-Roa A, Gonzalez F, Galaro J, Judkins AR, Ellison D, Baccon J, Madabhushi A, Romero E"
23281136,Malnutrition in pediatric patients with cancer at diagnosis and throughout therapy: A multicenter cohort study.,"Zimmermann K, Ammann RA, Kuehni CE, De Geest S, Cignacco E"
23273112,Chronic myeloid leukemia as a second malignant neoplasm in a patient with medulloblastoma after treatment with chemotherapy and irradiation: a case report and review of the literature.,"Dhir N, Zaky W, Zomorodian T, Dhall G"
23258845,Reduced-dose craniospinal radiotherapy followed by tandem high-dose chemotherapy and autologous stem cell transplantation in patients with high-risk medulloblastoma.,"Sung KW, Lim DH, Son MH, Lee SH, Yoo KH, Koo HH, Kim JH, Suh YL, Joung YS, Shin HJ"
23255213,Children's Oncology Group's 2013 blueprint for research: central nervous system tumors.,"Gajjar A, Packer RJ, Foreman NK, Cohen K, Haas-Kogan D, Merchant TE"
23251668,In vitro comparison of hypericin and 5-aminolevulinic acid-derived protoporphyrin IX for photodynamic inactivation of medulloblastoma cells.,"Ritz R, Scheidle C, Noell S, Roser F, Schenk M, Dietz K, Strauss WS"
23250910,MiR-124 targets Slug to regulate epithelial-mesenchymal transition and metastasis of breast cancer.,"Liang YJ, Wang QY, Zhou CX, Yin QQ, He M, Yu XT, Cao DX, Chen GQ, He JR, Zhao Q"
23248708,Infiltrating medulloblastoma in a child mimicking Lhermitte-Duclos disease.,"Kamble RB, Mathew S, Rao RM"
23248688,Urethral protrusion of the abdominal catheter of ventriculoperitoneal shunt: Case report of extremely rare complication.,"Yazar U, Kanat A, Akca N, Gazioglu G, Arda IS, Kazdal H"
23245832,Medulloblastoma.,"Bartlett F, Kortmann R, Saran F"
23242569,Survivin expression in medulloblastoma: a possible marker for survival.,"Abdel-Aziz A, Mohamed MA, Akl FM, Taha AN"
23237957,Constitutive activation of beta-catenin in neural progenitors results in disrupted proliferation and migration of neurons within the central nervous system.,"Poschl J, Grammel D, Dorostkar MM, Kretzschmar HA, Schuller U"
23236877,[Medulloblastoma in childhood: an heterogeneous disease requiring treatment adjustments to known risk factors].,"Orbach D, Chastagner P, Bourdeaut F, Doz F"
23231521,Medulloblastoma biology in the post-genomic era.,"Archer TC, Pomeroy SL"
23222297,Twenty-fourth annual Pezcoller symposium: Molecular basis for resistance to targeted agents.,"Marais R, Sellers W, Livingston D, Mihich E"
23212916,MicroRNA 218 acts as a tumor suppressor by targeting multiple cancer phenotype-associated genes in medulloblastoma.,"Venkataraman S, Birks DK, Balakrishnan I, Alimova I, Harris PS, Patel PR, Handler MH, Dubuc A, Taylor MD, Foreman NK, Vibhakar R"
23205122,Redox status expressed as GSH:GSSG ratio as a marker for oxidative stress in paediatric tumour patients.,"Zitka O, Skalickova S, Gumulec J, Masarik M, Adam V, Hubalek J, Trnkova L, Kruseova J, Eckschlager T, Kizek R"
23194364,Achieving graft-versus-tumor effect in brain tumor patients: from autologous progenitor cell transplant to active immunotherapy.,"Petrosiute A, Auletta JJ, Lazarus HM"
23190500,Inhibition of EZH2 suppresses self-renewal and induces radiation sensitivity in atypical rhabdoid teratoid tumor cells.,"Alimova I, Birks DK, Harris PS, Knipstein JA, Venkataraman S, Marquez VE, Foreman NK, Vibhakar R"
23184418,Aberrant patterns of H3K4 and H3K27 histone lysine methylation occur across subgroups in medulloblastoma.,"Dubuc AM, Remke M, Korshunov A, Northcott PA, Zhan SH, Mendez-Lago M, Kool M, Jones DT, Unterberger A, Morrissy AS, Shih D, Peacock J, Ramaswamy V, Rolider A, Wang X, Witt H, Hielscher T, Hawkins C, Vibhakar R, Croul S, Rutka JT, Weiss WA, Jones SJ, Eberhart CG, Marra MA, Pfister SM, Taylor MD"
23184224,Fronto-cerebellar fiber tractography in pediatric patients following posterior fossa tumor surgery.,"Soelva V, Hernaiz Driever P, Abbushi A, Rueckriegel S, Bruhn H, Eisner W, Thomale UW"
23183614,Isolated sensorineural hearing loss as initial presentation of recurrent medulloblastoma: neuroimaging and audiologic correlates.,"Amene CS, Yeh-Nayre LA, Crawford JR"
23182688,Treatment of adult nonmetastatic medulloblastoma patients according to the paediatric HIT 2000 protocol: a prospective observational multicentre study.,"Friedrich C, von Bueren AO, von Hoff K, Kwiecien R, Pietsch T, Warmuth-Metz M, Hau P, Deinlein F, Kuehl J, Kortmann RD, Rutkowski S"
23179395,From small to big: microRNAs as new players in medulloblastomas.,"Zhi F, Wang S, Wang R, Xia X, Yang Y"
23179372,OTX2 sustains a bivalent-like state of OTX2-bound promoters in medulloblastoma by maintaining their H3K27me3 levels.,"Bunt J, Hasselt NA, Zwijnenburg DA, Koster J, Versteeg R, Kool M"
23178582,The role of stem cells and progenitors in the genesis of medulloblastoma.,"Wang J, Wechsler-Reya RJ"
23178199,Changes in the patterns of care of central nervous system tumours among 16-24 year olds and the effect on survival in Yorkshire between 1990 and 2009.,"Nicholson BD, Picton SV, Chumas P, Dixit S, van Laar M, Loughrey C, O'Reilly G, Stark DP, Feltbower RG"
23175120,Medulloblastomics: the end of the beginning.,"Northcott PA, Jones DT, Kool M, Robinson GW, Gilbertson RJ, Cho YJ, Pomeroy SL, Korshunov A, Lichter P, Taylor MD, Pfister SM"
23172372,Expression of miR-124 inhibits growth of medulloblastoma cells.,"Silber J, Hashizume R, Felix T, Hariono S, Yu M, Berger MS, Huse JT, VandenBerg SR, James CD, Hodgson JG, Gupta N"
23167103,[Preliminary application of absorbable fixation system on cranial bone flap reposition and fixation after craniotomy].,"Deng Y, Zheng M, Wu J"
23163297,Review of cerebellopontine angle medulloblastoma.,"Spina A, Boari N, Gagliardi F, Franzin A, Terreni MR, Mortini P"
23162796,MYCN: from oncoprotein to tumor-associated antigen.,"Pistoia V, Morandi F, Pezzolo A, Raffaghello L, Prigione I"
23158671,Cerebellar liponeurocytoma: case report.,"Beizig N, Ziadi S, Ladib M, Mokni M"
23157748,[MicroRNA383 regulates expression of PRDX3 in human medulloblastomas].,"Wang XM, Zhang SF, Cheng ZQ, Peng QZ, Hu JT, Gao LK, Xu J, Jin HT, Liu HY"
23155263,Medullomyoblastoma: a case report and literature review of a rare tumor entity.,"Smolle E, Al-Qubati S, Stefanits H, Haberler C, Kleinert R, Haybaeck J"
23154646,Identification of pediatric brain neoplasms using Raman spectroscopy.,"Leslie DG, Kast RE, Poulik JM, Rabah R, Sood S, Auner GW, Klein MD"
23151728,Neuroimaging of nevoid basal cell carcinoma syndrome (NBCCS) in children.,"Sartip K, Kaplan A, Obeid G, Kadom N"
25337109,(1)H magnetic resonance spectroscopy and diffusion weighted imaging findings of medulloblastoma in 3.0T MRI: A retrospective analysis of 17 cases.,"Wu G, Pang H, Ghimire P, Liu G"
23143003,Histone deacetylases expression in atypical teratoid rhabdoid tumors.,"Sredni ST, Halpern AL, Hamm CA, Bonaldo Mde F, Tomita T"
23141635,[Trisomy 21 and cancers].,"Ayed W, Gouas L, Penault-Llorca F, Amouri A, Tchirkov A, Vago P"
23138228,Inhibition of cyclin-dependent kinase 6 suppresses cell proliferation and enhances radiation sensitivity in medulloblastoma cells.,"Whiteway SL, Harris PS, Venkataraman S, Alimova I, Birks DK, Donson AM, Foreman NK, Vibhakar R"
23135025,Nuclear expression of beta-catenin and stem cell markers as potential prognostic indicators in medulloblastoma.,"Gowda KK, Gupta K, Kapoor R, Vasishta RK"
23134812,Treatment of medulloblastoma using an oncolytic measles virus encoding the thyroidal sodium iodide symporter shows enhanced efficacy with radioiodine.,"Hutzen B, Pierson CR, Russell SJ, Galanis E, Raffel C, Studebaker AW"
23133782,Medulloblastoma with excessive nodularity: radiographic features and pathologic correlate.,"Yeh-Nayre LA, Malicki DM, Vinocur DN, Crawford JR"
23129837,Desmoplastic medulloblastoma arising from an ovarian teratoma: a case report and review of the literature.,"Wey SL, Chen CK, Chen TC, Chen TY"
23115191,Tis21 knock-out enhances the frequency of medulloblastoma in Patched1 heterozygous mice by inhibiting the Cxcl3-dependent migration of cerebellar neurons.,"Farioli-Vecchioli S, Cina I, Ceccarelli M, Micheli L, Leonardi L, Ciotti MT, De Bardi M, Di Rocco C, Pallini R, Cavallaro S, Tirone F"
23115013,Recombinant anti-podoplanin (NZ-1) immunotoxin for the treatment of malignant brain tumors.,"Chandramohan V, Bao X, Kato Kaneko M, Kato Y, Keir ST, Szafranski SE, Kuan CT, Pastan IH, Bigner DD"
23095827,Cerebral white matter integrity and executive function in adult survivors of childhood medulloblastoma.,"Brinkman TM, Reddick WE, Luxton J, Glass JO, Sabin ND, Srivastava DK, Robison LL, Hudson MM, Krull KR"
23109381,A dual neural network ensemble approach for multiclass brain tumor classification.,"Sachdeva J, Kumar V, Gupta I, Khandelwal N, Ahuja CK"
23099653,Survival and secondary tumors in children with medulloblastoma receiving radiotherapy and adjuvant chemotherapy: results of Children's Oncology Group trial A9961.,"Packer RJ, Zhou T, Holmes E, Vezina G, Gajjar A"
23094051,Characterization of ectonucleotidases in human medulloblastoma cell lines: ecto-5'NT/CD73 in metastasis as potential prognostic factor.,"Cappellari AR, Rockenbach L, Dietrich F, Clarimundo V, Glaser T, Braganhol E, Abujamra AL, Roesler R, Ulrich H, Battastini AM"
23082872,The effect of alpha-v integrin inhibition on the malignant characteristics of medulloblastoma.,"Thompson EM, Whitney NL, Wu YJ, Neuwelt EA"
23076602,Cytogenetic findings in pediatric radiation-induced atypical meningioma after treatment of medulloblastoma: case report and review of the literature.,"Brassesco MS, Valera ET, Neder L, Pezuk JA, Oliveira RS, Scrideli CA, Tone LG"
23065688,Glutathione S-transferase P1 single nucleotide polymorphism predicts permanent ototoxicity in children with medulloblastoma.,"Rednam S, Scheurer ME, Adesina A, Lau CC, Okcu MF"
23065639,Bmi1 overexpression in the cerebellar granule cell lineage of mice affects cell proliferation and survival without initiating medulloblastoma formation.,"Behesti H, Bhagat H, Dubuc AM, Taylor MD, Marino S"
23063729,Time perception in children treated for a cerebellar medulloblastoma.,"Droit-Volet S, Zelanti PS, Dellatolas G, Kieffer V, El Massioui N, Brown BL, Doyere V, Provasi J, Grill J"
23063522,Identification of a novel Smoothened antagonist that potently suppresses Hedgehog signaling.,"Wang J, Mook RA Jr, Lu J, Gooden DM, Ribeiro A, Guo A, Barak LS, Lyerly HK, Chen W"
23056969,A rare case of adult medulloblastoma with spinal metastasis.,"Quenum K, Ntalaja J, Onen J, Arkha Y, Derraz S, El Ouahabi A, Sefiani S, Elkhamlichi A"
23056595,Novel agents targeting the IGF-1R/PI3K pathway impair cell proliferation and survival in subsets of medulloblastoma and neuroblastoma.,"Wojtalla A, Salm F, Christiansen DG, Cremona T, Cwiek P, Shalaby T, Gross N, Grotzer MA, Arcaro A"
23054560,HD-MB03 is a novel Group 3 medulloblastoma model demonstrating sensitivity to histone deacetylase inhibitor treatment.,"Milde T, Lodrini M, Savelyeva L, Korshunov A, Kool M, Brueckner LM, Antunes AS, Oehme I, Pekrun A, Pfister SM, Kulozik AE, Witt O, Deubzer HE"
23045271,Distinct roles for fibroblast growth factor signaling in cerebellar development and medulloblastoma.,"Emmenegger BA, Hwang EI, Moore C, Markant SL, Brun SN, Dutton JW, Read TA, Fogarty MP, Singh AR, Durden DL, Yang C, McKeehan WL, Wechsler-Reya RJ"
23043706,Advances in molecular targets for the treatment of medulloblastomas.,"Ajeawung NF, Wang HY, Gould P, Kamnasaran D"
23038047,Factors predicting the need for cerebrospinal fluid diversion following posterior fossa tumor surgery in children.,"Gopalakrishnan CV, Dhakoji A, Menon G, Nair S"
23036338,Vismodegib and the hedgehog pathway: a new treatment for basal cell carcinoma.,"Cirrone F, Harris CS"
23032746,"A phase II, randomized, placebo-controlled study of vismodegib as maintenance therapy in patients with ovarian cancer in second or third complete remission.","Kaye SB, Fehrenbacher L, Holloway R, Amit A, Karlan B, Slomovitz B, Sabbatini P, Fu L, Yauch RL, Chang I, Reddy JC"
23018623,Neural stem cell-based dual suicide gene delivery for metastatic brain tumors.,"Wang C, Natsume A, Lee HJ, Motomura K, Nishimira Y, Ohno M, Ito M, Kinjo S, Momota H, Iwami K, Ohka F, Wakabayashi T, Kim SU"
23018595,Non-cell autonomous control of apoptosis by ligand-independent Hedgehog signaling in Drosophila.,"Christiansen AE, Ding T, Fan Y, Graves HK, Herz HM, Lindblad JL, Bergmann A"
23013267,Early and persisting response to vismodegib in a patient with bone metastasizing medulloblastoma.,"Asklund T, Henriksson R, Axelsson J, Bergstrom A, Kasper M, Ogren M, Toftgard R, Riklund KA"
23012247,Targeting the inhibitor of apoptosis proteins as a novel therapeutic strategy in medulloblastoma.,"Keating J, Tsoli M, Hallahan AR, Ingram WJ, Haber M, Ziegler DS"
23007316,Preclinical evaluation of the novel 7-substituted camptothecin Namitecan (ST1968) in paediatric tumour models.,"Meco D, Di Francesco AM, Cusano G, Bucci F, Pierri F, Patriarca V, Torella AR, Pisano C, Riccardi R"
23002030,Early cisplatin induced ototoxicity profile may predict the need for hearing support in children with medulloblastoma.,"Lafay-Cousin L, Purdy E, Huang A, Cushing SL, Papaioannou V, Nettel-Aguirre A, Bouffet E"
22994552,"Maternal variation in EPHX1, a xenobiotic metabolism gene, is associated with childhood medulloblastoma: an exploratory case-parent triad study.","Lupo PJ, Nousome D, Okcu MF, Chintagumpala M, Scheurer ME"
22993678,Destructive radiologic development of intravascular papillary endothelial hyperplasia on skull bone.,"Lee SK, Jung TY, Baek HJ, Kim SK"
22993333,Chemotherapy dose-intensity and survival for childhood medulloblastoma.,"Smith RL, Shi X, Estlin EJ"
22986744,OTX2 represses myogenic and neuronal differentiation in medulloblastoma cells.,"Bai RY, Staedtke V, Lidov HG, Eberhart CG, Riggins GJ"
22986433,Neuro-oncology: understanding the molecular complexity of medulloblastoma.,"Packer RJ, Hoffman EP"
22985791,The RNA-binding protein Musashi1 affects medulloblastoma growth via a network of cancer-related genes and is an indicator of poor prognosis.,"Vo DT, Subramaniam D, Remke M, Burton TL, Uren PJ, Gelfond JA, de Sousa Abreu R, Burns SC, Qiao M, Suresh U, Korshunov A, Dubuc AM, Northcott PA, Smith AD, Pfister SM, Taylor MD, Janga SC, Anant S, Vogel C, Penalva LO"
22984599,"Bag3-induced autophagy is associated with degradation of JCV oncoprotein, T-Ag.","Sariyer IK, Merabova N, Patel PK, Knezevic T, Rosati A, Turco MC, Khalili K"
22984561,Apoptosis induced by knockdown of uPAR and MMP-9 is mediated by inactivation of EGFR/STAT3 signaling in medulloblastoma.,"Kotipatruni RR, Nalla AK, Asuthkar S, Gondi CS, Dinh DH, Rao JS"
22983062,Quantifying the CDK inhibitor VMY-1-103's activity and tissue levels in an in vivo tumor model by LC-MS/MS and by MRI.,"Sirajuddin P, Das S, Ringer L, Rodriguez OC, Sivakumar A, Lee YC, Uren A, Fricke ST, Rood B, Ozcan A, Wang SS, Karam S, Yenugonda V, Salinas P, Petricoin E 3rd, Pishvaian M, Lisanti MP, Wang Y, Schlegel R, Moasser B, Albanese C"
22982441,Oncostatin M is a growth factor for Ewing sarcoma.,"David E, Tirode F, Baud'huin M, Guihard P, Laud K, Delattre O, Heymann MF, Heymann D, Redini F, Blanchard F"
22980291,Identification of suitable endogenous control genes for microRNA expression profiling of childhood medulloblastoma and human neural stem cells.,"Genovesi LA, Anderson D, Carter KW, Giles KM, Dallas PB"
22977284,Paediatric intra-axial posterior fossa tumours: pictorial review.,"Rasalkar DD, Chu WC, Paunipagar BK, Cheng FW, Li CK"
22976800,Mismatch repair deficiency: a temozolomide resistance factor in medulloblastoma cell lines that is uncommon in primary medulloblastoma tumours.,"von Bueren AO, Bacolod MD, Hagel C, Heinimann K, Fedier A, Kordes U, Pietsch T, Koster J, Grotzer MA, Friedman HS, Marra G, Kool M, Rutkowski S"
22970210,Genomic DNA copy-number alterations of the let-7 family in human cancers.,"Wang Y, Hu X, Greshock J, Shen L, Yang X, Shao Z, Liang S, Tanyi JL, Sood AK, Zhang L"
22966790,Canonical TGF-beta pathway activity is a predictor of SHH-driven medulloblastoma survival and delineates putative precursors in cerebellar development.,"Aref D, Moffatt CJ, Agnihotri S, Ramaswamy V, Dubuc AM, Northcott PA, Taylor MD, Perry A, Olson JM, Eberhart CG, Croul SE"
22963240,De novo engineering of a human cystathionine-gamma-lyase for systemic (L)-Methionine depletion cancer therapy.,"Stone E, Paley O, Hu J, Ekerdt B, Cheung NK, Georgiou G"
22959284,Prognostic and clinical implication of a disintegrin and metalloprotease 8 expression in pediatric medulloblastoma.,"Zhang R, Yuan Y, Zuo J, Liu W"
22958902,Loss of SUFU function in familial multiple meningioma.,"Aavikko M, Li SP, Saarinen S, Alhopuro P, Kaasinen E, Morgunova E, Li Y, Vesanen K, Smith MJ, Evans DG, Poyhonen M, Kiuru A, Auvinen A, Aaltonen LA, Taipale J, Vahteristo P"
22952198,Clinical and neuroanatomical predictors of cerebellar mutism syndrome.,"Law N, Greenberg M, Bouffet E, Taylor MD, Laughlin S, Strother D, Fryer C, McConnell D, Hukin J, Kaise C, Wang F, Mabbott DJ"
22951319,In vitro stemness characterization of radio-resistant clones isolated from a medulloblastoma cell line ONS-76.,"Sun L, Moritake T, Zheng YW, Suzuki K, Gerelchuluun A, Hong Z, Zenkoh J, Taniguchi H, Tsuboi K"
22944718,Potentiation of etoposide and temozolomide cytotoxicity by curcumin and turmeric force in brain tumor cell lines.,"Ramachandran C, Nair SM, Escalon E, Melnick SJ"
22941475,Small molecule inhibitors of the hedgehog signaling pathway for the treatment of cancer.,"Yun JI, Kim HR, Park H, Kim SK, Lee J"
22941430,Concurrent cyclophosphamide and craniospinal radiotherapy for pediatric high-risk embryonal brain tumors.,"Campen CJ, Dearlove J, Partap S, Murphy P, Gibbs IC, Dahl GV, Fisher PG"
22937732,Development of an early induction model of medulloblastoma in Ptch1 heterozygous mice initiated with N-ethyl-N-nitrosourea.,"Takahashi M, Matsuo S, Inoue K, Tamura K, Irie K, Kodama Y, Yoshida M"
27625820,"Protein expression of matrix metalloproteinase (MMP-1, -2, -3, -9 and -14) in Ewing family tumors and medulloblastomas of pediatric patients.","Mateo EC, Motta FJ, Queiroz RG, Scrideli CA, Tone LG"
22937182,An interferon response gene expression signature is activated in a subset of medulloblastomas.,Staub E
22937156,Elevating SOX2 levels deleteriously affects the growth of medulloblastoma and glioblastoma cells.,"Cox JL, Wilder PJ, Desler M, Rizzino A"
22934045,Oncogenic extracellular vesicles in brain tumor progression.,"D'Asti E, Garnier D, Lee TH, Montermini L, Meehan B, Rak J"
22929883,WNT/beta-catenin pathway activation in Myc immortalised cerebellar progenitor cells inhibits neuronal differentiation and generates tumours resembling medulloblastoma.,"Rogers HA, Sousa S, Salto C, Arenas E, Coyle B, Grundy RG"
22923130,Response to inhibition of smoothened in diverse epithelial cancer cells that lack smoothened or patched 1 mutations.,"Galimberti F, Busch AM, Chinyengetere F, Ma T, Sekula D, Memoli VA, Dragnev KH, Liu F, Johnson KC, Guo Y, Freemantle SJ, Andrew AS, Greninger P, Robbins DJ, Settleman J, Benes C, Dmitrovsky E"
22915472,Outcome of primary childhood central nervous system tumors: results from a single center in Iran.,"Rafsanjani KhA, Bahoush G, Nikpoor F, Vossough P"
22915450,"Phase I/II intra-patient dose escalation study of vorinostat in children with relapsed solid tumor, lymphoma or leukemia.","Witt O, Milde T, Deubzer HE, Oehme I, Witt R, Kulozik A, Eisenmenger A, Abel U, Karapanagiotou-Schenkel I"
22911853,Confocal laser endomicroscopy for diagnosis and histomorphologic imaging of brain tumors in vivo.,"Foersch S, Heimann A, Ayyad A, Spoden GA, Florin L, Mpoukouvalas K, Kiesslich R, Kempski O, Goetz M, Charalampaki P"
22911588,Case report of isochromosome 17q in acute myeloid leukemia with myelodysplasia-related changes after treatment with a hypomethylating agent.,"Sousa JC, Germano RT, Castro CC, Magalhaes SM, Pinheiro RF"
22911240,"Medulloblastoma in adults. Treatment outcome, relapse patterns, and prognostic factors.","Lai SF, Wang CW, Chen YH, Lan KH, Cheng JC, Cheng AL, Kuo SH"
22910224,"Discovery of pyrrolo[3,2-c]quinoline-4-one derivatives as novel hedgehog signaling inhibitors.","Ohashi T, Oguro Y, Tanaka T, Shiokawa Z, Shibata S, Sato Y, Yamakawa H, Hattori H, Yamamoto Y, Kondo S, Miyamoto M, Tojo H, Baba A, Sasaki S"
22910179,Targeting Hedgehog signaling and understanding refractory response to treatment with Hedgehog pathway inhibitors.,"Queiroz KC, Spek CA, Peppelenbosch MP"
22907436,Direct effects of Bmi1 on p53 protein stability inactivates oncoprotein stress responses in embryonal cancer precursor cells at tumor initiation.,"Calao M, Sekyere EO, Cui HJ, Cheung BB, Thomas WD, Keating J, Chen JB, Raif A, Jankowski K, Davies NP, Bekkum MV, Chen B, Tan O, Ellis T, Norris MD, Haber M, Kim ES, Shohet JM, Trahair TN, Liu T, Wainwright BJ, Ding HF, Marshall GM"
22906880,Complete ocular paresis in a child with posterior fossa syndrome.,"Afshar M, Link M, Edwards MS, Fisher PG, Fredrick D, Monje M"
22904683,Identification of cell surface targets through meta-analysis of microarray data.,"Haeberle H, Dudley JT, Liu JT, Butte AJ, Contag CH"
22898543,Medulloblastoma: Pump up the volume.,Seton-Rogers S
22898254,"Discovery of the investigational drug TAK-441, a pyrrolo[3,2-c]pyridine derivative, as a highly potent and orally active hedgehog signaling inhibitor: modification of the core skeleton for improved solubility.","Ohashi T, Oguro Y, Tanaka T, Shiokawa Z, Tanaka Y, Shibata S, Sato Y, Yamakawa H, Hattori H, Yamamoto Y, Kondo S, Miyamoto M, Nishihara M, Ishimura Y, Tojo H, Baba A, Sasaki S"
22898201,"Paediatric brain tumours treated at a single, tertiary paediatric neurosurgical referral centre from 1999 to 2010 in Australia.","Ramanan M, Chaseling R"
22893378,Metastatic medulloblastoma in an adolescent with Simpson-Golabi-Behmel syndrome.,"Thomas M, Enciso V, Stratton R, Shah S, Winder T, Tayeh M, Roeder E"
22887866,A statin-regulated microRNA represses human c-Myc expression and function.,"Takwi AA, Li Y, Becker Buscaglia LE, Zhang J, Choudhury S, Park AK, Liu M, Young KH, Park WY, Martin RC, Li Y"
22886824,Classification of single-voxel 1H spectra of childhood cerebellar tumors using LCModel and whole tissue representations.,"Raschke F, Davies NP, Wilson M, Peet AC, Howe FA"
22886512,Prognostic value of the TP53 Arg72Pro single-nucleotide polymorphism and susceptibility to medulloblastoma in a cohort of Brazilian patients.,"Carvalho RM, Pinto GR, Yoshioka FK, Lima PD, Souza CR, Guimaraes AC, Lamarao LM, Rey JA, Burbano RR"
22875024,Functional genomics identifies drivers of medulloblastoma dissemination.,"Mumert M, Dubuc A, Wu X, Northcott PA, Chin SS, Pedone CA, Taylor MD, Fults DW"
22869526,A distinct Smoothened mutation causes severe cerebellar developmental defects and medulloblastoma in a novel transgenic mouse model.,"Dey J, Ditzler S, Knoblaugh SE, Hatton BA, Schelter JM, Cleary MA, Mecham B, Rorke-Adams LB, Olson JM"
22855790,Voltage-gated potassium channel EAG2 controls mitotic entry and tumor growth in medulloblastoma via regulating cell volume dynamics.,"Huang X, Dubuc AM, Hashizume R, Berg J, He Y, Wang J, Chiang C, Cooper MK, Northcott PA, Taylor MD, Barnes MJ, Tihan T, Chen J, Hackett CS, Weiss WA, James CD, Rowitch DH, Shuman MA, Jan YN, Jan LY"
22853794,Molecular subgroups of medulloblastoma.,"Northcott PA, Dubuc AM, Pfister S, Taylor MD"
22851568,Induction chemotherapy and conformal radiation therapy for very young children with nonmetastatic medulloblastoma: Children's Oncology Group study P9934.,"Ashley DM, Merchant TE, Strother D, Zhou T, Duffner P, Burger PC, Miller DC, Lyon N, Bonner MJ, Msall M, Buxton A, Geyer R, Kun LE, Coleman L, Pollack IF"
22851561,Hyperfractionated versus conventional radiotherapy followed by chemotherapy in standard-risk medulloblastoma: results from the randomized multicenter HIT-SIOP PNET 4 trial.,"Lannering B, Rutkowski S, Doz F, Pizer B, Gustafsson G, Navajas A, Massimino M, Reddingius R, Benesch M, Carrie C, Taylor R, Gandola L, Bjork-Eriksson T, Giralt J, Oldenburger F, Pietsch T, Figarella-Branger D, Robson K, Forni M, Clifford SC, Warmuth-Metz M, von Hoff K, Faldum A, Mosseri V, Kortmann R"
22851551,The utility of hedgehog signaling pathway inhibition for cancer.,"Sahebjam S, Siu LL, Razak AA"
22848702,Medulloblastoma exosome proteomics yield functional roles for extracellular vesicles.,"Epple LM, Griffiths SG, Dechkovskaia AM, Dusto NL, White J, Ouellette RJ, Anchordoquy TJ, Bemis LT, Graner MW"
22848092,REST is a novel prognostic factor and therapeutic target for medulloblastoma.,"Taylor P, Fangusaro J, Rajaram V, Goldman S, Helenowski IB, MacDonald T, Hasselblatt M, Riedemann L, Laureano A, Cooper L, Gopalakrishnan V"
22843885,PI3K/mTOR signaling pathways in medulloblastoma.,"Mohan AL, Friedman MD, Ormond DR, Tobias M, Murali R, Jhanwar-Uniyal M"
22843869,"Targeting PI3KC2beta impairs proliferation and survival in acute leukemia, brain tumours and neuroendocrine tumours.","Boller D, Doepfner KT, De Laurentiis A, Guerreiro AS, Marinov M, Shalaby T, Depledge P, Robson A, Saghir N, Hayakawa M, Kaizawa H, Koizumi T, Ohishi T, Fattet S, Delattre O, Schweri-Olac A, Holand K, Grotzer MA, Frei K, Spertini O, Waterfield MD, Arcaro A"
22837778,Metachronous occurrence of nonradiation-induced brain cavernous hemangioma and medulloblastoma in a child with neurofibromatosis type I phenotype.,"Furlanetti LL, Santos MV, Valera ET, Brassesco MS, de Oliveira RS"
22832583,Dissecting the genomic complexity underlying medulloblastoma.,"Jones DT, Jager N, Kool M, Zichner T, Hutter B, Sultan M, Cho YJ, Pugh TJ, Hovestadt V, Stutz AM, Rausch T, Warnatz HJ, Ryzhova M, Bender S, Sturm D, Pleier S, Cin H, Pfaff E, Sieber L, Wittmann A, Remke M, Witt H, Hutter S, Tzaridis T, Weischenfeldt J, Raeder B, Avci M, Amstislavskiy V, Zapatka M, Weber UD, Wang Q, Lasitschka B, Bartholomae CC, Schmidt M, von Kalle C, Ast V, Lawerenz C, Eils J, Kabbe R, Benes V, van Sluis P, Koster J, Volckmann R, Shih D, Betts MJ, Russell RB, Coco S, Tonini GP, Schuller U, Hans V, Graf N, Kim YJ, Monoranu C, Roggendorf W, Unterberg A, Herold-Mende C, Milde T, Kulozik AE, von Deimling A, Witt O, Maass E, Rossler J, Ebinger M, Schuhmann MU, Fruhwald MC, Hasselblatt M, Jabado N, Rutkowski S, von Bueren AO, Williamson D, Clifford SC, McCabe MG, Collins VP, Wolf S, Wiemann S, Lehrach H, Brors B, Scheurlen W, Felsberg J, Reifenberger G, Northcott PA, Taylor MD, Meyerson M, Pomeroy SL, Yaspo ML, Korbel JO, Korshunov A, Eils R, Pfister SM, Lichter P"
22832581,"Subgroup-specific structural variation across 1,000 medulloblastoma genomes.","Northcott PA, Shih DJ, Peacock J, Garzia L, Morrissy AS, Zichner T, Stutz AM, Korshunov A, Reimand J, Schumacher SE, Beroukhim R, Ellison DW, Marshall CR, Lionel AC, Mack S, Dubuc A, Yao Y, Ramaswamy V, Luu B, Rolider A, Cavalli FM, Wang X, Remke M, Wu X, Chiu RY, Chu A, Chuah E, Corbett RD, Hoad GR, Jackman SD, Li Y, Lo A, Mungall KL, Nip KM, Qian JQ, Raymond AG, Thiessen NT, Varhol RJ, Birol I, Moore RA, Mungall AJ, Holt R, Kawauchi D, Roussel MF, Kool M, Jones DT, Witt H, Fernandez-L A, Kenney AM, Wechsler-Reya RJ, Dirks P, Aviv T, Grajkowska WA, Perek-Polnik M, Haberler CC, Delattre O, Reynaud SS, Doz FF, Pernet-Fattet SS, Cho BK, Kim SK, Wang KC, Scheurlen W, Eberhart CG, Fevre-Montange M, Jouvet A, Pollack IF, Fan X, Muraszko KM, Gillespie GY, Di Rocco C, Massimi L, Michiels EM, Kloosterhof NK, French PJ, Kros JM, Olson JM, Ellenbogen RG, Zitterbart K, Kren L, Thompson RC, Cooper MK, Lach B, McLendon RE, Bigner DD, Fontebasso A, Albrecht S, Jabado N, Lindsey JC, Bailey S, Gupta N, Weiss WA, Bognar L, Klekner A, Van Meter TE, Kumabe T, Tominaga T, Elbabaa SK, Leonard JR, Rubin JB, Liau LM, Van Meir EG, Fouladi M, Nakamura H, Cinalli G, Garami M, Hauser P, Saad AG, Iolascon A, Jung S, Carlotti CG, Vibhakar R, Ra YS, Robinson S, Zollo M, Faria CC, Chan JA, Levy ML, Sorensen PH, Meyerson M, Pomeroy SL, Cho YJ, Bader GD, Tabori U, Hawkins CE, Bouffet E, Scherer SW, Rutka JT, Malkin D, Clifford SC, Jones SJ, Korbel JO, Pfister SM, Marra MA, Taylor MD"
22829011,Two cases of nevoid basal cell carcinoma syndrome associated with meningioma caused by a PTCH1 or SUFU germline mutation.,"Kijima C, Miyashita T, Suzuki M, Oka H, Fujii K"
22828073,Comparison of therapeutic dosimetric data from passively scattered proton and photon craniospinal irradiations for medulloblastoma.,"Howell RM, Giebeler A, Koontz-Raisig W, Mahajan A, Etzel CJ, D'Amelio AM Jr, Homann KL, Newhauser WD"
22826514,Childhood medulloblastoma: the paradigm shift in molecular stratification and treatment profile.,"Sadighi Z, Vats T, Khatua S"
22820256,Medulloblastoma exome sequencing uncovers subtype-specific somatic mutations.,"Pugh TJ, Weeraratne SD, Archer TC, Pomeranz Krummel DA, Auclair D, Bochicchio J, Carneiro MO, Carter SL, Cibulskis K, Erlich RL, Greulich H, Lawrence MS, Lennon NJ, McKenna A, Meldrim J, Ramos AH, Ross MG, Russ C, Shefler E, Sivachenko A, Sogoloff B, Stojanov P, Tamayo P, Mesirov JP, Amani V, Teider N, Sengupta S, Francois JP, Northcott PA, Taylor MD, Yu F, Crabtree GR, Kautzman AG, Gabriel SB, Getz G, Jager N, Jones DT, Lichter P, Pfister SM, Roberts TM, Meyerson M, Pomeroy SL, Cho YJ"
22819012,Malignant dysembryoplastic neuroepithelial tumour in a zebrafish (Danio rerio).,"Peterson TS, Heidel JR, Murray KN, Sanders JL, Anderson WI, Kent ML"
22815056,Mutations in Lyar and p53 are synergistically lethal in female mice.,"Wang G, Fulkerson CM, Malek R, Ghassemifar S, Snyder PW, Mendrysa SM"
22814953,Differential proliferative index of cancer stem-like cells in primary and recurrent medulloblastoma in human.,"Tang X, Yao Y, Zhu J, Jin K, Wang Y, Mao Y, Zhou L"
22811513,Population survival from childhood cancer in Britain during 1978-2005 by eras of entry to clinical trials.,"Stiller CA, Kroll ME, Pritchard-Jones K"
22810114,Identification of ALK germline mutation (3605delG) in pediatric anaplastic medulloblastoma.,"Coco S, De Mariano M, Valdora F, Servidei T, Ridola V, Andolfo I, Oberthuer A, Tonini GP, Longo L"
22808009,Role of MXD3 in proliferation of DAOY human medulloblastoma cells.,"Barisone GA, Ngo T, Tran M, Cortes D, Shahi MH, Nguyen TV, Perez-Lanza D, Matayasuwan W, Diaz E"
22800515,[Atypical teratoid/rhabdoid tumors of central nervous system in childhood: a clinical and histopathologic study of 6 cases].,"He YJ, Zhang ZD, Yin MZ, Wu XR"
22798206,Mechanism for the induction of cell death in ONS-76 medulloblastoma cells by Zhangfei/CREB-ZF.,"Bodnarchuk TW, Napper S, Rapin N, Misra V"
22796365,Medulloblastoma stem cells: modeling tumor heterogeneity.,"Manoranjan B, Venugopal C, McFarlane N, Doble BW, Dunn SE, Scheinemann K, Singh SK"
22796286,[Genetic predisposition to childhood cancer].,"Abadie C, Gauthier-Villars M, Sirvent N, Coupier I"
22794288,Medulloblastoma/Primitive neuroectodermal tumor and germ cell tumors: the uncommon but potentially curable primary brain tumors.,"Samkari A, Hwang E, Packer RJ"
22790443,Pilot study of systemic and intrathecal mafosfamide followed by conformal radiation for infants with intracranial central nervous system tumors: a pediatric brain tumor consortium study (PBTC-001).,"Blaney SM, Kocak M, Gajjar A, Chintagumpala M, Merchant T, Kieran M, Pollack IF, Gururangan S, Geyer R, Phillips P, McLendon RE, Packer R, Goldman S, Banerjee A, Heideman R, Boyett JM, Kun L"
22782892,STK25 protein mediates TrkA and CCM2 protein-dependent death in pediatric tumor cells of neural origin.,"Costa B, Kean MJ, Ast V, Knight JD, Mett A, Levy Z, Ceccarelli DF, Badillo BG, Eils R, Konig R, Gingras AC, Fainzilber M"
22773561,Review: In vivo models for defining molecular subtypes of the primitive neuroectodermal tumor genome: current challenges and solutions.,"Larson JD, Largaespada DA"
22770959,"Sonic Hedgehog in pancreatic cancer: from bench to bedside, then back to the bench.","Rosow DE, Liss AS, Strobel O, Fritz S, Bausch D, Valsangkar NP, Alsina J, Kulemann B, Park JK, Yamaguchi J, LaFemina J, Thayer SP"
22768993,Necrosis after craniospinal irradiation: results from a prospective series of children with central nervous system embryonal tumors.,"Murphy ES, Merchant TE, Wu S, Xiong X, Lukose R, Wright KD, Qaddoumi I, Armstrong GT, Broniscer A, Gajjar A"
22766741,Action of db-cAMP on the bystander effect and chemosensitivity through connexin 43 and Bcl-2-mediated pathways in medulloblastoma cells.,"Sun P, Liu Y, Ying H, Li S"
22763761,Immunohistochemical expression of cell-cycle regulators in pediatric embryonal brain tumors.,"Moschovi M, Alexiou GA, Patereli A, Siozos G, Sfakianos G, Prodromou N, Stefanaki K"
22753727,Effects of Zeng Sheng Ping/ACAPHA on malignant brain tumor growth and Notch signaling.,"Lim KJ, Rajan K, Eberhart CG"
22753001,Initial testing of the MDM2 inhibitor RG7112 by the Pediatric Preclinical Testing Program.,"Carol H, Reynolds CP, Kang MH, Keir ST, Maris JM, Gorlick R, Kolb EA, Billups CA, Geier B, Kurmasheva RT, Houghton PJ, Smith MA, Lock RB"
22747089,Primary cerebellar histiocytic sarcoma in a 17-month-old girl.,"Gomi K, Tanaka M, Yoshida M, Ito S, Sonoda M, Iwasaki F, Niwa T, Aida N, Kigasawa H, Tanaka Y"
22745043,Phase 2 trial of pemetrexed in children and adolescents with refractory solid tumors: a Children's Oncology Group study.,"Warwick AB, Malempati S, Krailo M, Melemed A, Gorlick R, Ames MM, Safgren SL, Adamson PC, Blaney SM"
22742590,Medulloblastoma-biology and microenvironment: a review.,"Byrd T, Grossman RG, Ahmed N"
22741795,In silico prediction of novel inhibitors of the DNA binding activity of FoxG1.,"Nair SB, Fayaz SM, Krishnamurthy RG"
22736505,Genistein induces growth arrest and suppresses telomerase activity in brain tumor cells.,"Khaw AK, Yong JW, Kalthur G, Hande MP"
22732270,Turcot syndrome type 2: medulloblastoma with multiple colorectal adenomas.,"Skomorowski M, Taxier M, Wise W Jr"
22723427,EphB2 activity plays a pivotal role in pediatric medulloblastoma cell adhesion and invasion.,"Sikkema AH, den Dunnen WF, Hulleman E, van Vuurden DG, Garcia-Manero G, Yang H, Scherpen FJ, Kampen KR, Hoving EW, Kamps WA, Diks SH, Peppelenbosch MP, de Bont ES"
22722829,Novel mutations target distinct subgroups of medulloblastoma.,"Robinson G, Parker M, Kranenburg TA, Lu C, Chen X, Ding L, Phoenix TN, Hedlund E, Wei L, Zhu X, Chalhoub N, Baker SJ, Huether R, Kriwacki R, Curley N, Thiruvenkatam R, Wang J, Wu G, Rusch M, Hong X, Becksfort J, Gupta P, Ma J, Easton J, Vadodaria B, Onar-Thomas A, Lin T, Li S, Pounds S, Paugh S, Zhao D, Kawauchi D, Roussel MF, Finkelstein D, Ellison DW, Lau CC, Bouffet E, Hassall T, Gururangan S, Cohn R, Fulton RS, Fulton LL, Dooling DJ, Ochoa K, Gajjar A, Mardis ER, Wilson RK, Downing JR, Zhang J, Gilbertson RJ"
22710714,"Bax deficiency prolongs cerebellar neurogenesis, accelerates medulloblastoma formation and paradoxically increases both malignancy and differentiation.","Garcia I, Crowther AJ, Gama V, Miller CR, Deshmukh M, Gershon TR"
22707305,MT1-MMP expression level status dictates the in vitro action of lupeol on inflammatory biomarkers MMP-9 and COX-2 in medulloblastoma cells.,"Annabi B, Vaillancourt-Jean E, Beliveau R"
22706201,MAX and MYC: a heritable breakup.,"Cascon A, Robledo M"
22706196,"Two cases of bacteremia due to an unusual pathogen, Comamonas testosteroni in Iran and a review literature.","Farshad S, Norouzi F, Aminshahidi M, Heidari B, Alborzi A"
22702330,Anaplastic medulloblastoma in a child with Duchenne muscular dystrophy.,"van den Akker M, Northcott P, Taylor MD, Halliday W, Bartels U, Bouffet E"
22701651,REST controls self-renewal and tumorigenic competence of human glioblastoma cells.,"Conti L, Crisafulli L, Caldera V, Tortoreto M, Brilli E, Conforti P, Zunino F, Magrassi L, Schiffer D, Cattaneo E"
22696229,EZH2-regulated DAB2IP is a medulloblastoma tumor suppressor and a positive marker for survival.,"Smits M, van Rijn S, Hulleman E, Biesmans D, van Vuurden DG, Kool M, Haberler C, Aronica E, Vandertop WP, Noske DP, Wurdinger T"
22693015,Histological variants of medulloblastoma are the most powerful clinical prognostic indicators.,"Massimino M, Antonelli M, Gandola L, Miceli R, Pollo B, Biassoni V, Schiavello E, Buttarelli FR, Spreafico F, Collini P, Giangaspero F"
22687139,"Salivary evaluation of pediatric patients with cancer, before and after antineoplasic treatment.","Guerra RN, Oliveira-Junior JJ, Mouchrek-Filho JC, Liberio SA, Lima MV, Paim DB, Brito CX, Mendonca C, Nascimento FR, Pereira AL"
22684456,Apples to origins: identifying brain tumor stem cell genes by comparing transcriptomes of normal and cancer stem cells.,"Wortham M, Yan H"
22682621,Multiple CDK/CYCLIND genes are amplified in medulloblastoma and supratentorial primitive neuroectodermal brain tumor.,"Li M, Lockwood W, Zielenska M, Northcott P, Ra YS, Bouffet E, Yoshimoto M, Rutka JT, Yan H, Taylor MD, Eberhart C, Hawkins CE, Lam W, Squire JA, Huang A"
22673947,[Neurotoxicity due to methotrexate in paediatric patients. Description of the clinical symptoms and neuroimaging findings].,"Garcia-Puig M, Fons-Estupina MC, Rives-Sola S, Berrueco-Moreno R, Cruz-Martinez O, Campistol J"
22669335,"Additive effects of vorinostat and MLN8237 in pediatric leukemia, medulloblastoma, and neuroblastoma cell lines.","Muscal JA, Scorsone KA, Zhang L, Ecsedy JA, Berg SL"
22665539,Outcome of children with metastatic medulloblastoma treated with carboplatin during craniospinal radiotherapy: a Children's Oncology Group Phase I/II study.,"Jakacki RI, Burger PC, Zhou T, Holmes EJ, Kocak M, Onar A, Goldwein J, Mehta M, Packer RJ, Tarbell N, Fitz C, Vezina G, Hilden J, Pollack IF"
22665064,The deubiquitylase USP37 links REST to the control of p27 stability and cell proliferation.,"Das CM, Taylor P, Gireud M, Singh A, Lee D, Fuller G, Ji L, Fangusaro J, Rajaram V, Goldman S, Eberhart C, Gopalakrishnan V"
22661588,Antioxidant enzyme polymorphisms and neuropsychological outcomes in medulloblastoma survivors: a report from the Childhood Cancer Survivor Study.,"Brackett J, Krull KR, Scheurer ME, Liu W, Srivastava DK, Stovall M, Merchant TE, Packer RJ, Robison LL, Okcu MF"
28517525,MO-A-213AB-08: 2D Water Equivalent Path Length Imaging Technique for Pre-Treatment Range Verification in Proton Therapy.,"Testa M, Bentefour H, Rose M, Paganetti H, Lu H"
28517324,SU-E-T-257: Risk of Radiogenic Second Cancer after Photon and Proton Craniospinal Irradiation.,"Zhang R, Howell R, Giebeler A, Taddei P, Mahajan A, Newhauser W"
22641694,Formation of telomeric repeat-containing RNA (TERRA) foci in highly proliferating mouse cerebellar neuronal progenitors and medulloblastoma.,"Deng Z, Wang Z, Xiang C, Molczan A, Baubet V, Conejo-Garcia J, Xu X, Lieberman PM, Dahmane N"
22633624,Phase II study of vinorelbine and continuous low doses cyclophosphamide in children and young adults with a relapsed or refractory malignant solid tumour: good tolerance profile and efficacy in rhabdomyosarcoma--a report from the Societe Francaise des Cancers et leucemies de l'Enfant et de l'adolescent (SFCE).,"Minard-Colin V, Ichante JL, Nguyen L, Paci A, Orbach D, Bergeron C, Defachelles AS, Andre N, Corradini N, Schmitt C, Tabone MD, Blouin P, Sirvent N, Goma G, Geoerger B, Oberlin O"
22628409,Gene signatures associated with mouse postnatal hindbrain neural stem cells and medulloblastoma cancer stem cells identify novel molecular mediators and predict human medulloblastoma molecular classification.,"Corno D, Pala M, Cominelli M, Cipelletti B, Leto K, Croci L, Barili V, Brandalise F, Melzi R, Di Gregorio A, Sergi LS, Politi LS, Piemonti L, Bulfone A, Rossi P, Rossi F, Consalez GG, Poliani PL, Galli R"
22624711,Distinct neural stem cell populations give rise to disparate brain tumors in response to N-MYC.,"Swartling FJ, Savov V, Persson AI, Chen J, Hackett CS, Northcott PA, Grimmer MR, Lau J, Chesler L, Perry A, Phillips JJ, Taylor MD, Weiss WA"
22622599,Medulloblastoma.,"von Hoff K, Rutkowski S"
22620685,Cauda equina syndrome as the initial presenting clinical feature of medulloblastoma: a case report.,"Al-Otaibi F, Ul-Haq A, Al-Hindi H, Al Kofide A, Al Shail E"
22615000,Medulloblastoma with focal divergent/teratoid differentiation.,"Majumdar K, Tyagi I, Saran RK, Sakhuja P, Sharma A"
22611031,Estimated clinical benefit of protecting neurogenesis in the developing brain during radiation therapy for pediatric medulloblastoma.,"Blomstrand M, Brodin NP, Munck Af Rosenschold P, Vogelius IR, Sanchez Merino G, Kiil-Berthlesen A, Blomgren K, Lannering B, Bentzen SM, Bjork-Eriksson T"
22605614,Medulloblastoma in a child with fragile X syndrome.,"Alexiou GA, Siozos G, Stefanaki K, Vlachakis E, Sfakianos G, Prodromou N, Moschovi M"
22593583,Carbon monoxide mediates the anti-apoptotic effects of heme oxygenase-1 in medulloblastoma DAOY cells via K+ channel inhibition.,"Al-Owais MM, Scragg JL, Dallas ML, Boycott HE, Warburton P, Chakrabarty A, Boyle JP, Peers C"
22591662,Pharmacological activation of the p53 pathway by nutlin-3 exerts anti-tumoral effects in medulloblastomas.,"Kunkele A, De Preter K, Heukamp L, Thor T, Pajtler KW, Hartmann W, Mittelbronn M, Grotzer MA, Deubzer HE, Speleman F, Schramm A, Eggert A, Schulte JH"
22582395,Regulatory factor X1-induced down-regulation of transforming growth factor beta2 transcription in human neuroblastoma cells.,"Feng C, Zuo Z"
22574128,GFAP-Cre-mediated transgenic activation of Bmi1 results in pituitary tumors.,"Westerman BA, Blom M, Tanger E, van der Valk M, Song JY, van Santen M, Gadiot J, Cornelissen-Steijger P, Zevenhoven J, Prosser HM, Uren A, Aronica E, van Lohuizen M"
22573308,Early recurrence in standard-risk medulloblastoma patients with the common idic(17)(p11.2) rearrangement.,"Bien-Willner GA, Lopez-Terrada D, Bhattacharjee MB, Patel KU, Stankiewicz P, Lupski JR, Pfeifer JD, Perry A"
22569092,Ubiquitination and deubiquitination of REST and its roles in cancers.,"Huang Z, Bao S"
22565209,The clinical implications of medulloblastoma subgroups.,"Northcott PA, Korshunov A, Pfister SM, Taylor MD"
22565004,Prospective study of health-related quality of life for children with brain tumors treated with proton radiotherapy.,"Kuhlthau KA, Pulsifer MB, Yeap BY, Rivera Morales D, Delahaye J, Hill KS, Ebb D, Abrams AN, Macdonald SM, Tarbell NJ, Yock TI"
22560511,Developmental origins of brain tumors.,"Liu C, Zong H"
22558385,Aberrant Otx2 expression enhances migration and induces ectopic proliferation of hindbrain neuronal progenitor cells.,"Wortham M, Jin G, Sun JL, Bigner DD, He Y, Yan H"
22553304,Dilemmas concerning dose distribution and the influence of relative biological effect in proton beam therapy of medulloblastoma.,"Jones B, Wilson P, Nagano A, Fenwick J, McKenna G"
22552444,PAX2 is an antiapoptotic molecule with deregulated expression in medulloblastoma.,"Burger MC, Brucker DP, Baumgarten P, Ronellenfitsch MW, Wanka C, Hasselblatt M, Eccles MR, Klingebiel T, Weller M, Rieger J, Mittelbronn M, Steinbach JP"
22551695,Paroxysmal alternating nystagmus.,"Lee SJ, Sohn SY, Kim JS, Moon SY"
22550175,Hedgehog pathway inhibitor saridegib (IPI-926) increases lifespan in a mouse medulloblastoma model.,"Lee MJ, Hatton BA, Villavicencio EH, Khanna PC, Friedman SD, Ditzler S, Pullar B, Robison K, White KF, Tunkey C, LeBlanc M, Randolph-Habecker J, Knoblaugh SE, Hansen S, Richards A, Wainwright BJ, McGovern K, Olson JM"
22550044,Recurrent anaplastic medulloblastoma in cerebrospinal fluid after autologous hematopoietic stem cell transplant.,"Nelson AC, Singh C, Brent Clark H, Pambuccian SE"
22544282,"Integrating role of T antigen, Rb2/p130, CTCF and BORIS in mediating non-canonical endoplasmic reticulum-dependent death pathways triggered by chronic ER stress in mouse medulloblastoma.","Macaluso M, Caracciolo V, Rizzo V, Sun A, Montanari M, Russo G, Bellipanni G, Khalili K, Giordano A"
22542805,Blockade of SOX4 mediated DNA repair by SPARC enhances radioresponse in medulloblastoma.,"Chetty C, Dontula R, Gujrati M, Dinh DH, Lakka SS"
22540632,Distinct sulfonation activities in resveratrol-sensitive and resveratrol-insensitive human glioblastoma cells.,"Sun Z, Li H, Shu XH, Shi H, Chen XY, Kong QY, Wu ML, Liu J"
22539980,Widespread contribution of Gdf7 lineage to cerebellar cell types and implications for hedgehog-driven medulloblastoma formation.,"Cheng FY, Huang X, Sarangi A, Ketova T, Cooper MK, Litingtung Y, Chiang C"
22537175,Expression patterns and potential roles of SIRT1 in human medulloblastoma cells in vivo and in vitro.,"Ma JX, Li H, Chen XM, Yang XH, Wang Q, Wu ML, Kong QY, Li ZX, Liu J"
25722678,Gene expression by simian virus 40 large T antigen-induced medulloblastomas in mice.,"Wei X, Feng J, Hu Y"
22528798,Dual contrast perfusion MRI in a single imaging session for assessment of pediatric brain tumors.,"Thompson EM, Guillaume DJ, Dosa E, Li X, Nazemi KJ, Gahramanov S, Hamilton BE, Neuwelt EA"
22528793,Rho GTPases in primary brain tumor malignancy and invasion.,"Khalil BD, El-Sibai M"
22517408,Life years lost--comparing potentially fatal late complications after radiotherapy for pediatric medulloblastoma on a common scale.,"Brodin NP, Vogelius IR, Maraldo MV, Munck af Rosenschold P, Aznar MC, Kiil-Berthelsen A, Nilsson P, Bjork-Eriksson T, Specht L, Bentzen SM"
22511755,Urokinase-type plasminogen activator receptor (uPAR)-mediated regulation of WNT/beta-catenin signaling is enhanced in irradiated medulloblastoma cells.,"Asuthkar S, Gondi CS, Nalla AK, Velpula KK, Gorantla B, Rao JS"
22508821,Hedgehog-GLI pathway in medulloblastoma.,"Archer TC, Weeraratne SD, Pomeroy SL"
22508808,High frequency of germline SUFU mutations in children with desmoplastic/nodular medulloblastoma younger than 3 years of age.,"Brugieres L, Remenieras A, Pierron G, Varlet P, Forget S, Byrde V, Bombled J, Puget S, Caron O, Dufour C, Delattre O, Bressac-de Paillerets B, Grill J"
22498198,Medulloblastoma: progress over time.,"Smee RI, Williams JR, De-Loyde KJ, Meagher NS, Cohn R"
22497851,Infant brain tumors: a neuropathologic population-based institutional reappraisal.,"Dunham C, Pillai S, Steinbok P"
22496891,JC virus T-antigen regulates glucose metabolic pathways in brain tumor cells.,"Noch E, Sariyer IK, Gordon J, Khalili K"
22485143,Long time to diagnosis of medulloblastoma in children is not associated with decreased survival or with worse neurological outcome.,"Brasme JF, Grill J, Doz F, Lacour B, Valteau-Couanet D, Gaillard S, Delalande O, Aghakhani N, Puget S, Chalumeau M"
22483529,A severe form of epidermal nevus syndrome associated with brainstem and cerebellar malformations and neonatal medulloblastoma.,"Okumura A, Lee T, Ikeno M, Shimojima K, Kajino K, Inoue Y, Yoshikawa N, Suganuma H, Suzuki M, Hisata K, Shoji H, Takanashi J, Barkovich AJ, Shimizu T, Yamamoto T, Hayashi M"
22476608,FABP4 is a candidate marker of cerebellar liponeurocytomas.,"Anghileri E, Eoli M, Paterra R, Ferroli P, Pollo B, Cuccarini V, Maderna E, Tringali G, Saini M, Salsano E, Finocchiaro G"
22474285,Hedgehog secretion and signal transduction in vertebrates.,"Ryan KE, Chiang C"
22462709,Cerebrospinal fluid shunting and hearing loss in patients treated for medulloblastoma.,"Guillaume DJ, Knight K, Marquez C, Kraemer DF, Bardo DM, Neuwelt EA"
22461560,WNT signaling increases proliferation and impairs differentiation of stem cells in the developing cerebellum.,"Pei Y, Brun SN, Markant SL, Lento W, Gibson P, Taketo MM, Giovannini M, Gilbertson RJ, Wechsler-Reya RJ"
22459127,Global gene expression profiling confirms the molecular fidelity of primary tumor-based orthotopic xenograft mouse models of medulloblastoma.,"Zhao X, Liu Z, Yu L, Zhang Y, Baxter P, Voicu H, Gurusiddappa S, Luan J, Su JM, Leung HC, Li XN"
24765436,Medulloblastoma: seeding of VP shunt tract and peritoneum.,"Pettersson D, Schmitz KR, Pollock JM, Hopkins KL"
22454254,Nuclear IRS-1 and cancer.,"Reiss K, Del Valle L, Lassak A, Trojanek J"
22452947,Off-target function of the Sonic hedgehog inhibitor cyclopamine in mediating apoptosis via nitric oxide-dependent neutral sphingomyelinase 2/ceramide induction.,"Meyers-Needham M, Lewis JA, Gencer S, Sentelle RD, Saddoughi SA, Clarke CJ, Hannun YA, Norell H, da Palma TM, Nishimura M, Kraveka JM, Khavandgar Z, Murshed M, Cevik MO, Ogretmen B"
22447520,Molecular genetic analysis of the hepatocyte growth factor/MET signaling pathway in pediatric medulloblastoma.,"Onvani S, Terakawa Y, Smith C, Northcott P, Taylor M, Rutka J"
22439007,Inhibition of ERbeta induces resistance to cisplatin by enhancing Rad51-mediated DNA repair in human medulloblastoma cell lines.,"Wilk A, Waligorska A, Waligorski P, Ochoa A, Reiss K"
22438824,Nos2 inactivation promotes the development of medulloblastoma in Ptch1(+/-) mice by deregulation of Gap43-dependent granule cell precursor migration.,"Haag D, Zipper P, Westrich V, Karra D, Pfleger K, Toedt G, Blond F, Delhomme N, Hahn M, Reifenberger J, Reifenberger G, Lichter P"
22430583,Once-daily intravenous busulfan for 47 pediatric patients undergoing autologous hematopoietic stem cell transplantation: a single center study.,"Gonzalez-Vicent M, Molina B, Perez A, Diaz MA"
22430388,Medulloblastoma stem cells: where development and cancer cross pathways.,"Manoranjan B, Venugopal C, McFarlane N, Doble BW, Dunn SE, Scheinemann K, Singh SK"
22428665,Detection of endocrine disruptors - from simple assays to whole genome scanning.,"Sung E, Turan N, Ho PW, Ho SL, Jarratt PD, Waring RH, Ramsden DB"
22428049,RNA-binding protein Musashi1 modulates glioma cell growth through the post-transcriptional regulation of Notch and PI3 kinase/Akt signaling pathways.,"Muto J, Imai T, Ogawa D, Nishimoto Y, Okada Y, Mabuchi Y, Kawase T, Iwanami A, Mischel PS, Saya H, Yoshida K, Matsuzaki Y, Okano H"
22424725,Primary leptomeningeal medulloblastoma: a rare case.,"Guo X, Zhong D, Ma W"
22420547,Cytotoxic effects of chemotherapeutic drugs and heterocyclic compounds at application on the cells of primary culture of neuroepithelium tumors.,"Kulchitsky VA, Potkin VI, Zubenko YS, Chernov AN, Talabaev MV, Demidchik YE, Petkevich SK, Kazbanov VV, Gurinovich TA, Roeva MO, Grigoriev DG, Kletskov AV, Kalunov VN"
22415382,Primitive neuroectodermal tumors of the central nervous system associated with genetic and metabolic defects.,"Varan A, Yazici N, Akalan N, Yalcin B, Akyuz C, Kutluk T, Buyukpamukcu M"
22411914,"The micro-RNA 199b-5p regulatory circuit involves Hes1, CD15, and epigenetic modifications in medulloblastoma.","Andolfo I, Liguori L, De Antonellis P, Cusanelli E, Marinaro F, Pistollato F, Garzia L, De Vita G, Petrosino G, Accordi B, Migliorati R, Basso G, Iolascon A, Cinalli G, Zollo M"
22409247,A mass lesion in the skull after radiotherapy for medulloblastoma.,"Na JY, Lee MC, Jung S, Kim HS"
22407012,Hedgehog-mediated regulation of PPARgamma controls metabolic patterns in neural precursors and shh-driven medulloblastoma.,"Bhatia B, Potts CR, Guldal C, Choi S, Korshunov A, Pfister S, Kenney AM, Nahle ZA"
22406992,Sorafenib and HDAC inhibitors synergize to kill CNS tumor cells.,"Tang Y, Yacoub A, Hamed HA, Poklepovic A, Tye G, Grant S, Dent P"
22402744,"Pleiotropic effects of miR-183~96~182 converge to regulate cell survival, proliferation and migration in medulloblastoma.","Weeraratne SD, Amani V, Teider N, Pierre-Francois J, Winter D, Kye MJ, Sengupta S, Archer T, Remke M, Bai AH, Warren P, Pfister SM, Steen JA, Pomeroy SL, Cho YJ"
22402322,Neural stem cell-mediated CE/CPT-11 enzyme/prodrug therapy in transgenic mouse model of intracerebellar medulloblastoma.,"Gutova M, Shackleford GM, Khankaldyyan V, Herrmann KA, Shi XH, Mittelholtz K, Abramyants Y, Blanchard MS, Kim SU, Annala AJ, Najbauer J, Synold TW, D'Apuzzo M, Barish ME, Moats RA, Aboody KS"
22399356,Notch signaling and brain tumors.,"Stockhausen MT, Kristoffersen K, Poulsen HS"
22392443,Medulloblastoma: a potpourri of distinct entities.,Pfister S
22391319,Hedgehog inhibition as an anti-cancer strategy.,"Raju GP, Pham D"
22391311,A new era for an ancient drug: arsenic trioxide and Hedgehog signaling.,"Beauchamp EM, Uren A"
22390279,Polo-like kinase 1 (PLK1) inhibition suppresses cell growth and enhances radiation sensitivity in medulloblastoma cells.,"Harris PS, Venkataraman S, Alimova I, Birks DK, Donson AM, Knipstein J, Dubuc A, Taylor MD, Handler MH, Foreman NK, Vibhakar R"
22389292,An exploratory case-only analysis of gene-hazardous air pollutant interactions and the risk of childhood medulloblastoma.,"Lupo PJ, Lee LJ, Okcu MF, Bondy ML, Scheurer ME"
22385801,Epidemiology of pediatric primary tumors of the nervous system: a retrospective study of 633 cases from a single Moroccan institution.,"Harmouch A, Taleb M, Lasseini A, Maher M, Sefiani S"
22380961,Establishing successful cerebrospinal fluid flow for radioimmunotherapy.,"Kramer K, McCrea HJ, Fischer C, Greenfield JP"
22379189,HDM2 promotes WIP1-mediated medulloblastoma growth.,"Buss MC, Read TA, Schniederjan MJ, Gandhi K, Castellino RC"
22374686,"Proper cerebellar development requires expression of beta1-integrin in Bergmann glia, but not in granule neurons.","Frick A, Grammel D, Schmidt F, Poschl J, Priller M, Pagella P, von Bueren AO, Peraud A, Tonn JC, Herms J, Rutkowski S, Kretzschmar HA, Schuller U"
22362285,Molecular targeting therapy against promyelocytic leukemia protein using arsenic acids in experimental intracranial medulloblastoma.,"Gu C, Yokota N, Gao Y, Amano S, Koizumi S, Tokuyama T, Namba H"
22359291,The epigenetics of brain tumors.,"Dubuc AM, Mack S, Unterberger A, Northcott PA, Taylor MD"
22358458,Subgroup-specific alternative splicing in medulloblastoma.,"Dubuc AM, Morrissy AS, Kloosterhof NK, Northcott PA, Yu EP, Shih D, Peacock J, Grajkowska W, van Meter T, Eberhart CG, Pfister S, Marra MA, Weiss WA, Scherer SW, Rutka JT, French PJ, Taylor MD"
22358457,"Molecular subgroups of medulloblastoma: an international meta-analysis of transcriptome, genetic aberrations, and clinical data of WNT, SHH, Group 3, and Group 4 medulloblastomas.","Kool M, Korshunov A, Remke M, Jones DT, Schlanstein M, Northcott PA, Cho YJ, Koster J, Schouten-van Meeteren A, van Vuurden D, Clifford SC, Pietsch T, von Bueren AO, Rutkowski S, McCabe M, Collins VP, Backlund ML, Haberler C, Bourdeaut F, Delattre O, Doz F, Ellison DW, Gilbertson RJ, Pomeroy SL, Taylor MD, Lichter P, Pfister SM"
22350379,Long-term results of combined preradiation chemotherapy and age-tailored radiotherapy doses for childhood medulloblastoma.,"Massimino M, Cefalo G, Riva D, Biassoni V, Spreafico F, Pecori E, Poggi G, Collini P, Pollo B, Valentini L, Potepan P, Seregni E, Casanova M, Ferrari A, Luksch R, Polastri D, Terenziani M, Pallotti F, Clerici CA, Schiavello E, Simonetti F, Meazza C, Catania S, Podda M, Gandola L"
22349907,Sonic hedgehog-associated medulloblastoma arising from the cochlear nuclei of the brainstem.,"Grammel D, Warmuth-Metz M, von Bueren AO, Kool M, Pietsch T, Kretzschmar HA, Rowitch DH, Rutkowski S, Pfister SM, Schuller U"
22348395,Myc proteins in brain tumor development and maintenance.,Swartling FJ
22343890,Clonal selection drives genetic divergence of metastatic medulloblastoma.,"Wu X, Northcott PA, Dubuc A, Dupuy AJ, Shih DJ, Witt H, Croul S, Bouffet E, Fults DW, Eberhart CG, Garzia L, Van Meter T, Zagzag D, Jabado N, Schwartzentruber J, Majewski J, Scheetz TE, Pfister SM, Korshunov A, Li XN, Scherer SW, Cho YJ, Akagi K, MacDonald TJ, Koster J, McCabe MG, Sarver AL, Collins VP, Weiss WA, Largaespada DA, Collier LS, Taylor MD"
22343310,MDM2 antagonism by nutlin-3 induces death in human medulloblastoma cells.,"Ghassemifar S, Mendrysa SM"
22342098,Early clinical outcomes demonstrate preserved cognitive function in children with average-risk medulloblastoma when treated with hyperfractionated radiation therapy.,"Gupta T, Jalali R, Goswami S, Nair V, Moiyadi A, Epari S, Sarin R"
22340591,A mouse model of the most aggressive subgroup of human medulloblastoma.,"Kawauchi D, Robinson G, Uziel T, Gibson P, Rehg J, Gao C, Finkelstein D, Qu C, Pounds S, Ellison DW, Gilbertson RJ, Roussel MF"
22340590,An animal model of MYC-driven medulloblastoma.,"Pei Y, Moore CE, Wang J, Tewari AK, Eroshkin A, Cho YJ, Witt H, Korshunov A, Read TA, Sun JL, Schmitt EM, Miller CR, Buckley AF, McLendon RE, Westbrook TF, Northcott PA, Taylor MD, Pfister SM, Febbo PG, Wechsler-Reya RJ"
22340583,Three down and one to go: modeling medulloblastoma subgroups.,Eberhart CG
22339792,Sendai virus-based liposomes enable targeted cytosolic delivery of nanoparticles in brain tumor-derived cells.,"Dudu V, Rotari V, Vazquez M"
22322278,Distinct patterns of human medulloblastoma dissemination in the developing chick embryo nervous system.,"Cage TA, Louie JD, Liu SR, Alvarez-Buylla A, Gupta N, Hyer J"
22319498,Aldo-Keto Reductase 1B10 and Its Role in Proliferation Capacity of Drug-Resistant Cancers.,"Matsunaga T, Wada Y, Endo S, Soda M, El-Kabbani O, Hara A"
22315164,Matching mice to malignancy: molecular subgroups and models of medulloblastoma.,"Lau J, Schmidt C, Markant SL, Taylor MD, Wechsler-Reya RJ, Weiss WA"
22313685,"Histone deacetylase inhibitor-mediated sensitization to TRAIL-induced apoptosis in childhood malignancies is not associated with upregulation of TRAIL receptor expression, but with potentiated caspase-8 activation.","Sonnemann J, Trommer N, Becker S, Wittig S, Grauel D, Palani CD, Beck JF"
22313636,"Bortezomib induces apoptosis and growth suppression in human medulloblastoma cells, associated with inhibition of AKT and NF-kB signaling, and synergizes with an ERK inhibitor.","Yang F, Jove V, Chang S, Hedvat M, Liu L, Buettner R, Tian Y, Scuto A, Wen W, Yip ML, Van Meter T, Yen Y, Jove R"
22312539,Metastatic Medulloblastoma in Childhood: Chang's Classification Revisited.,"Dufour C, Beaugrand A, Pizer B, Micheli J, Aubelle MS, Fourcade A, Couanet D, Laplanche A, Kalifa C, Grill J"
22311706,The aryl hydrocarbon receptor contributes to the proliferation of human medulloblastoma cells.,"Dever DP, Opanashuk LA"
22307474,Oncolytic measles virus prolongs survival in a murine model of cerebral spinal fluid-disseminated medulloblastoma.,"Studebaker AW, Hutzen B, Pierson CR, Russell SJ, Galanis E, Raffel C"
22302101,An essential role for p38 MAPK in cerebellar granule neuron precursor proliferation.,"Guldal CG, Ahmad A, Korshunov A, Squatrito M, Awan A, Mainwaring LA, Bhatia B, Parathath SR, Nahle Z, Pfister S, Kenney AM"
22294272,Brain tumors in children--current therapies and newer directions.,"Khatua S, Sadighi ZS, Pearlman ML, Bochare S, Vats TS"
22287205,Targeting the enhancer of zeste homologue 2 in medulloblastoma.,"Alimova I, Venkataraman S, Harris P, Marquez VE, Northcott PA, Dubuc A, Taylor MD, Foreman NK, Vibhakar R"
22280307,Anaphase-promoting complex/cyclosome protein Cdc27 is a target for curcumin-induced cell cycle arrest and apoptosis.,"Lee SJ, Langhans SA"
22265402,Genome sequencing of pediatric medulloblastoma links catastrophic DNA rearrangements with TP53 mutations.,"Rausch T, Jones DT, Zapatka M, Stutz AM, Zichner T, Weischenfeldt J, Jager N, Remke M, Shih D, Northcott PA, Pfaff E, Tica J, Wang Q, Massimi L, Witt H, Bender S, Pleier S, Cin H, Hawkins C, Beck C, von Deimling A, Hans V, Brors B, Eils R, Scheurlen W, Blake J, Benes V, Kulozik AE, Witt O, Martin D, Zhang C, Porat R, Merino DM, Wasserman J, Jabado N, Fontebasso A, Bullinger L, Rucker FG, Dohner K, Dohner H, Koster J, Molenaar JJ, Versteeg R, Kool M, Tabori U, Malkin D, Korshunov A, Taylor MD, Lichter P, Pfister SM, Korbel JO"
22258352,Complete remission and long-term survival in a child with relapsed medulloblastoma with extensive osteosclerotic bony metastasis with a novel metronomic chemobiological approach.,"Sondhi V, Arun Kurkure P, Jalali R, Rangarajan V, Sridhar E, Medhi S, Arora B"
22258034,Vasculogenic mimicry and its clinical significance in medulloblastoma.,"Wang SY, Yu L, Ling GQ, Xiao S, Sun XL, Song ZH, Liu YJ, Jiang XD, Cai YQ, Ke YQ"
22253443,Loss of brain-enriched miR-124 microRNA enhances stem-like traits and invasiveness of glioma cells.,"Xia H, Cheung WKC, Ng SS, Jiang X, Jiang S, Sze J, Leung GKK, Lu G, Chan DTM, Bian XW, Kung HF, Poon WS, Lin MC"
22249617,Overexpression of HMGA1 deregulates tumor growth via cdc25A and alters migration/invasion through a cdc25A-independent pathway in medulloblastoma.,"Lau KM, Chan QK, Pang JC, Ma FM, Li KK, Yeung WW, Cheng AS, Feng H, Chung NY, Li HM, Zhou L, Wang Y, Mao Y, Ng HK"
22249380,Inhibition of phosphorylated STAT3 by cucurbitacin I enhances chemoradiosensitivity in medulloblastoma-derived cancer stem cells.,"Chang CJ, Chiang CH, Song WS, Tsai SK, Woung LC, Chang CH, Jeng SY, Tsai CY, Hsu CC, Lee HF, Huang CS, Yung MC, Liu JH, Lu KH"
22230517,Medulloblastoma and primitive neuroectodermal tumors.,"Packer RJ, Macdonald T, Vezina G, Keating R, Santi M"
22213600,In vivo generation of neural tumors from neoplastic pluripotent stem cells models early human pediatric brain tumor formation.,"Werbowetski-Ogilvie TE, Morrison LC, Fiebig-Comyn A, Bhatia M"
22209398,MRI features in children with desmoplastic medulloblastoma.,"Liu HQ, Yin X, Li Y, Zhang J, Wang Y, Tchoyoson Lim CC, Feng X"
24451804,Hedgehog Pathway in Pediatric Cancers: They're Not Just for Brain Tumors Anymore.,Macdonald TJ
24250857,A rare presentation of medulloblastoma in adults as primary leptomeningeal involvement.,"Asadollahi M, Shayanfar N, Rezaiyan B, Hasibi M"
23788851,Institutional experience of paediatric high-grade central nervous system tumours: an analysis of 74 patients and review of the literature.,"Pinarli FG, Oguz A, Karadeniz C, Okur A, Sarac A, Baykaner K, Bora H, Poyraz A"
23788850,Tomotherapy - a different way of dose delivery in radiotherapy.,"Piotrowski T, Skorska M, Jodda A, Ryczkowski A, Kazmierska J, Adamska K, Karczewska-Dzionk A, Zmijewska-Tomczak M, Wlodarczyk H"
22206672,SPARC expression induces cell cycle arrest via STAT3 signaling pathway in medulloblastoma cells.,"Chetty C, Dontula R, Ganji PN, Gujrati M, Lakka SS"
22201732,Musashi1: an RBP with versatile functions in normal and cancer stem cells.,"Glazer RI, Vo DT, Penalva LO"
22189395,The molecular classification of medulloblastoma: driving the next generation clinical trials.,"Leary SE, Olson JM"
22188814,Cooperation between c-Met and focal adhesion kinase family members in medulloblastoma and implications for therapy.,"Guessous F, Yang Y, Johnson E, Marcinkiewicz L, Smith M, Zhang Y, Kofman A, Schiff D, Christensen J, Abounader R"
22173741,Medulloblasoma: challenges for effective immunotherapy.,"Sonabend AM, Ogden AT, Maier LM, Anderson DE, Canoll P, Bruce JN, Anderson RC"
22168967,The importance of biopsy following radiological diagnosis of relapsed medulloblastoma.,"Fisher J, Mitra D, Price L, Lewis J, Johnstone H, Gerrard A, Hale J, Clifford SC, Bailey S"
22162424,Preliminary experience with personalized and targeted therapy for pediatric brain tumors.,"Wolff JE, Brown RE, Buryanek J, Pfister S, Vats TS, Rytting ME"
22160402,Biological and clinical heterogeneity of MYCN-amplified medulloblastoma.,"Korshunov A, Remke M, Kool M, Hielscher T, Northcott PA, Williamson D, Pfaff E, Witt H, Jones DT, Ryzhova M, Cho YJ, Wittmann A, Benner A, Weiss WA, von Deimling A, Scheurlen W, Kulozik AE, Clifford SC, Peter Collins V, Westermann F, Taylor MD, Lichter P, Pfister SM"
22156796,Treatment for recurrent medulloblastoma with intrathecal liposomal cytarabine and systemic metronomic combination therapy.,"Nygaard R, Kivivuori SM"
22153617,CRABP-II methylation: a critical determinant of retinoic acid resistance of medulloblastoma cells.,"Fu YS, Wang Q, Ma JX, Yang XH, Wu ML, Zhang KL, Kong QY, Chen XY, Sun Y, Chen NN, Shu XH, Li H, Liu J"
22153558,A long duration of the prediagnostic symptomatic interval is not associated with an unfavourable prognosis in childhood medulloblastoma.,"Gerber NU, von Hoff K, von Bueren AO, Treulieb W, Deinlein F, Benesch M, Zwiener I, Soerensen N, Warmuth-Metz M, Pietsch T, Mittler U, Kuehl J, Kortmann RD, Grotzer MA, Rutkowski S"
22151431,Glioblastoma occurring at the site of a previous medulloblastoma following a 5-year remission period.,"Martin SE, Brat DJ, Vance GH, Stohler R, Choi H, Douglas-Akinwande AC, Hattab EM"
22147459,Antiangiogenic metronomic therapy for children with recurrent embryonal brain tumors.,"Peyrl A, Chocholous M, Kieran MW, Azizi AA, Prucker C, Czech T, Dieckmann K, Schmook MT, Haberler C, Leiss U, Slavc I"
22147345,"Isochromosome 17q, MYC amplification and large cell/anaplastic phenotype in a case of medullomyoblastoma with extracranial metastases.","Wright KD, von der Embse K, Coleman J, Patay Z, Ellison DW, Gajjar A"
22146535,Preclinical testing of tandutinib in a transgenic medulloblastoma mouse model.,"Ohshima-Hosoyama S, Davare MA, Prajapati SI, Abraham J, Lal S, Nelon LD, Kilcoyne A, Giles FJ, Hanes MA, Rubin BP, Keller C"
22139329,MYC family amplification and clinical risk-factors interact to predict an extremely poor prognosis in childhood medulloblastoma.,"Ryan SL, Schwalbe EC, Cole M, Lu Y, Lusher ME, Megahed H, O'Toole K, Nicholson SL, Bognar L, Garami M, Hauser P, Korshunov A, Pfister SM, Williamson D, Taylor RE, Ellison DW, Bailey S, Clifford SC"
22134538,MicroRNA-182 promotes leptomeningeal spread of non-sonic hedgehog-medulloblastoma.,"Bai AH, Milde T, Remke M, Rolli CG, Hielscher T, Cho YJ, Kool M, Northcott PA, Jugold M, Bazhin AV, Eichmuller SB, Kulozik AE, Pscherer A, Benner A, Taylor MD, Pomeroy SL, Kemkemer R, Witt O, Korshunov A, Lichter P, Pfister SM"
22134537,Molecular subgroups of medulloblastoma: the current consensus.,"Taylor MD, Northcott PA, Korshunov A, Remke M, Cho YJ, Clifford SC, Eberhart CG, Parsons DW, Rutkowski S, Gajjar A, Ellison DW, Lichter P, Gilbertson RJ, Pomeroy SL, Kool M, Pfister SM"
22120608,Novel cell lines established from pediatric brain tumors.,"Xu J, Erdreich-Epstein A, Gonzalez-Gomez I, Melendez EY, Smbatyan G, Moats RA, Rosol M, Biegel JA, Reynolds CP"
22120270,Surgical treatment of brain tumors in infants younger than six months of age and review of the literature.,"Lang SS, Beslow LA, Gabel B, Judkins AR, Fisher MJ, Sutton LN, Storm PB, Heuer GG"
22119199,A phase I and pharmacokinetic study of plitidepsin in children with advanced solid tumours: an Innovative Therapies for Children with Cancer (ITCC) study.,"Geoerger B, Estlin EJ, Aerts I, Kearns P, Gibson B, Corradini N, Doz F, Lardelli P, Miguel BD, Soto A, Prados R, Vassal G"
22113362,Analysis of isocitrate dehydrogenase 1 mutation in 97 patients with glioma.,"Zhou YX, Wang JX, Feng M, Sun CM, Sun T, Chen GL, Du ZW"
22109636,Central nervous system (CNS) tumor trends in children in a western Canadian province: a population-based 22-year retrospective study.,"Rosychuk RJ, Witol A, Wilson B, Stobart K"
22090452,"Prognostic classification of pediatric medulloblastoma based on chromosome 17p loss, expression of MYCC and MYCN, and Wnt pathway activation.","Park AK, Lee SJ, Phi JH, Wang KC, Kim DG, Cho BK, Haberler C, Fattet S, Dufour C, Puget S, Sainte-Rose C, Bourdeaut F, Grill J, Delattre O, Kim SK, Park WY"
22084163,"Effective targeting of Hedgehog signaling in a medulloblastoma model with PF-5274857, a potent and selective Smoothened antagonist that penetrates the blood-brain barrier.","Rohner A, Spilker ME, Lam JL, Pascual B, Bartkowski D, Li QJ, Yang AH, Stevens G, Xu M, Wells PA, Planken S, Nair S, Sun S"
22080382,The evaluation of function and the ultrasonographic picture of thyroid in children treated for medulloblastoma.,"Sobol G, Musiol K, Kalina M, Kalina-Faska B, Mizia-Malarz A, Ficek K, Mandera M, Wos H, Malecka-Tendera E"
22071791,Multifocal presentation of medulloblastoma in adulthood.,"Ciccarino P, Rotilio A, Rossetto M, Manara R, Orvieto E, Berti F, Lombardi G, d'Avella D, Scienza R, Della Puppa A"
22070547,Review: personalized mice: modelling the molecular heterogeneity of medulloblastoma.,"Markant SL, Wechsler-Reya RJ"
22057785,"Rapid, reliable, and reproducible molecular sub-grouping of clinical medulloblastoma samples.","Northcott PA, Shih DJ, Remke M, Cho YJ, Kool M, Hawkins C, Eberhart CG, Dubuc A, Guettouche T, Cardentey Y, Bouffet E, Pomeroy SL, Marra M, Malkin D, Rutka JT, Korshunov A, Pfister S, Taylor MD"
22054800,Low-grade bone lesions in survivors of childhood medulloblastoma/primitive neuroectodermal tumor.,"Koral K, Roy D, Timmons CF, Gargan L, Bowers DC"
22052462,CXCR4 activation defines a new subgroup of Sonic hedgehog-driven medulloblastoma.,"Sengupta R, Dubuc A, Ward S, Yang L, Northcott P, Woerner BM, Kroll K, Luo J, Taylor MD, Wechsler-Reya RJ, Rubin JB"
22037313,WIP1 enhances tumor formation in a sonic hedgehog-dependent model of medulloblastoma.,"Doucette TA, Yang Y, Pedone C, Kim JY, Dubuc A, Northcott PD, Taylor MD, Fults DW, Rao G"
22020042,Intact INI1 gene region with paradoxical loss of protein expression in AT/RT: implications for a possible novel mechanism associated with absence of INI1 protein immunoreactivity.,"Tsai CY, Wong TT, Lee YH, Chao ME, Lin SC, Liu DJ, Liang ML, Wang HW, Ho DM"
21979893,Novel amplifications in pediatric medulloblastoma identified by genome-wide copy number profiling.,"Nord H, Pfeifer S, Nilsson P, Sandgren J, Popova S, Stromberg B, Alafuzoff I, Nister M, Diaz de Stahl T"
21970778,Intramedullary metastasis in a case of vermian medulloblastoma.,"Madhugiri VS, Pandey P, Indira Devi B, Santosh V, Yasha TC"
21964830,OTX2 directly activates cell cycle genes and inhibits differentiation in medulloblastoma cells.,"Bunt J, Hasselt NE, Zwijnenburg DA, Hamdi M, Koster J, Versteeg R, Kool M"
21953324,Relapsing tumefactive lesion in an adult with medulloblastoma previously treated with chemoradiotherapy and stem cell transplant.,"Mahta A, Qu Y, Nastic D, Sundstrom M, Kim RY, Saria M, Santagata S, Kesari S"
21945170,Bowel sparing in pediatric cranio-spinal radiotherapy: a comparison of combined electron and photon and helical TomoTherapy techniques to a standard photon method.,"Harron E, Lewis J"
21940415,JC virus granule cell neuronopathy is associated with VP1 C terminus mutants.,"Dang X, Vidal JE, Penalva de Oliveira AC, Simpson DM, Morgello S, Hecht JH, Ngo LH, Koralnik IJ"
21918916,Discrimination of paediatric brain tumours using apparent diffusion coefficient histograms.,"Bull JG, Saunders DE, Clark CA"
21889223,Oncologists' view of informed consent and shared decision making in paediatric radiation oncology.,"Olson RA, Bobinski MA, Ho A, Goddard KJ"
21882258,Loss of Trp53 promotes medulloblastoma development but not skin tumorigenesis in Sufu heterozygous mutant mice.,"Heby-Henricson K, Bergstrom A, Rozell B, Toftgard R, Teglund S"
21874383,Adult medulloblastoma: multiagent chemotherapy with cisplatinum and etoposide: a single institutional experience.,"Silvani A, Gaviani P, Lamperti E, Botturi A, Dimeco F, Franzini A, Ferroli P, Fariselli L, Milanesi I, Erbetta A, Pollo B, Salmaggi A"
21874045,Oncogenic YAP promotes radioresistance and genomic instability in medulloblastoma through IGF2-mediated Akt activation.,"Fernandez-L A, Squatrito M, Northcott P, Awan A, Holland EC, Taylor MD, Nahle Z, Kenney AM"
21866330,Temozolomide in relapsed pediatric brain tumors: 14 cases from a single center.,"Akyuz C, Demir HA, Varan A, Yalcin B, Kutluk T, Buyukpamukcu M"
21842312,Modulation of pediatric brain tumor autophagy and chemosensitivity.,"Levy JM, Thorburn A"
21838720,Intraoperative squash cytology: accuracy and impact on immediate surgical management of central nervous system tumours.,"Krishnani N, Kumari N, Behari S, Rana C, Gupta P"
21837678,Relative survival of childhood and adult medulloblastomas and primitive neuroectodermal tumors (PNETs).,Smoll NR
21811893,A clinicopathological study of diagnostically challenging meningioma mimics.,"Ghosal N, Dadlani R, Gupta K, Furtado SV, Hegde AS"
21805473,Survival of European patients with central nervous system tumors.,"Sant M, Minicozzi P, Lagorio S, Borge Johannesen T, Marcos-Gragera R, Francisci S"
21805324,The role of radiotherapy in adult medulloblastoma: long-term single-institution experience and a review of the literature.,"Balducci M, Chiesa S, Chieffo D, Manfrida S, Dinapoli N, Fiorentino A, Micciche F, Frascino V, Anile C, Valentini V, De Bari B"
21796767,Hearing loss among survivors of childhood brain tumors treated with an irradiation-sparing approach.,"Orgel E, Jain S, Ji L, Pollick L, Si S, Finlay J, Freyer DR"
21796446,p53 expression predicts dismal outcome for medulloblastoma patients with metastatic disease.,"Gessi M, von Bueren AO, Rutkowski S, Pietsch T"
21793975,Genetic alterations in microRNAs in medulloblastomas.,"Lv SQ, Kim YH, Giulio F, Shalaby T, Nobusawa S, Yang H, Zhou Z, Grotzer M, Ohgaki H"
21755312,Generation of cancerous neural stem cells forming glial tumor by oncogenic stimulation.,"Lee JS, Lee HJ, Moon BH, Song SH, Lee MO, Shim SH, Kim HS, Lee MC, Kwon JT, Fornace AJ Jr, Kim SU, Cha HJ"
21735115,Norcantharidin impairs medulloblastoma growth by inhibition of Wnt/beta-catenin signaling.,"Cimmino F, Scoppettuolo MN, Carotenuto M, De Antonellis P, Dato VD, De Vita G, Zollo M"
21725800,Expression analysis of stem cell-related genes reveal OCT4 as a predictor of poor clinical outcome in medulloblastoma.,"Rodini CO, Suzuki DE, Saba-Silva N, Cappellano A, de Souza JE, Cavalheiro S, Toledo SR, Okamoto OK"
21720807,Growth-inhibitory effect of neurotrophin-3-secreting adipose tissue-derived mesenchymal stem cells on the D283-MED human medulloblastoma cell line.,"Kim YH, Cho SH, Lee SJ, Choi SA, Phi JH, Kim SK, Wang KC, Cho BK, Kim CY"
21685941,Sonic hedgehog regulates Bmi1 in human medulloblastoma brain tumor-initiating cells.,"Wang X, Venugopal C, Manoranjan B, McFarlane N, O'Farrell E, Nolte S, Gunnarsson T, Hollenberg R, Kwiecien J, Northcott P, Taylor MD, Hawkins C, Singh SK"
21667264,Identification of c-myc-dependent proteins in the medulloblastoma cell line D425Med.,"Azizi AA, Li L, Strobel T, Chen WQ, Slavc I, Lubec G"
21658852,Supratentorial neurometabolic alterations in pediatric survivors of posterior fossa tumors.,"Rueckriegel SM, Driever PH, Bruhn H"
21615516,Diagnostic pitfall in the diagnosis of mesenchymal chondrosarcoma arising in the central nervous system.,"Lin L, Varikatt W, Dexter M, Ng T"
21537925,Interval between onset of symptoms and diagnosis of medulloblastoma in children: distribution and determinants in a population-based study.,"Brasme JF, Chalumeau M, Doz F, Lacour B, Valteau-Couanet D, Gaillard S, Delalande O, Aghakhani N, Sainte-Rose C, Puget S, Grill J"
21035954,"Infant brain tumors: incidence, survival, and the role of radiation based on Surveillance, Epidemiology, and End Results (SEER) Data.","Bishop AJ, McDonald MW, Chang AL, Esiashvili N"
